{"text": " The Acre 69 has low appetite and cough. Cal 45 is limping on the front left leg. Cal 88 shows mass status and reduced milk output. Cal 12 is normal with no issues.", "segments": [{"id": 0, "seek": 0, "start": 0.0, "end": 6.0, "text": " The Acre 69 has low appetite and cough.", "tokens": [50363, 383, 4013, 260, 8644, 468, 1877, 20788, 290, 22094, 13, 50663], "temperature": 0.0, "avg_logprob": -0.4348819499113122, "compression_ratio": 1.2734375, "no_speech_prob": 0.04818402975797653}, {"id": 1, "seek": 0, "start": 6.0, "end": 9.92, "text": " Cal 45 is limping on the front left leg.", "tokens": [50663, 2199, 4153, 318, 1761, 13886, 319, 262, 2166, 1364, 1232, 13, 50859], "temperature": 0.0, "avg_logprob": -0.4348819499113122, "compression_ratio": 1.2734375, "no_speech_prob": 0.04818402975797653}, {"id": 2, "seek": 0, "start": 9.92, "end": 15.040000000000001, "text": " Cal 88 shows mass status and reduced milk output.", "tokens": [50859, 2199, 9193, 2523, 2347, 3722, 290, 5322, 7545, 5072, 13, 51115], "temperature": 0.0, "avg_logprob": -0.4348819499113122, "compression_ratio": 1.2734375, "no_speech_prob": 0.04818402975797653}, {"id": 3, "seek": 0, "start": 15.040000000000001, "end": 24.68, "text": " Cal 12 is normal with no issues.", "tokens": [51115, 2199, 1105, 318, 3487, 351, 645, 2428, 13, 51597], "temperature": 0.0, "avg_logprob": -0.4348819499113122, "compression_ratio": 1.2734375, "no_speech_prob": 0.04818402975797653}], "language": "English"}